{
  "x": 923.2000122070312,
  "y": 276.0,
  "width": 608.7999877929688,
  "height": 694.4000244140625
}