{
  "x": 818.4000244140625,
  "y": 364.0,
  "width": 529.5999755859375,
  "height": 421.6000061035156
}