{
  "x": 800.0,
  "y": 248.0,
  "width": 550.4000244140625,
  "height": 550.4000244140625
}