{
  "x": 696.7999877929688,
  "y": 80.0,
  "width": 750.4000244140625,
  "height": 873.5999755859375
}