{
  "x": 786.4000244140625,
  "y": 312.0,
  "width": 550.4000244140625,
  "height": 350.3999938964844
}