{
  "x": 859.2000122070312,
  "y": 407.20001220703125,
  "width": 550.4000244140625,
  "height": 350.3999938964844
}