{
  "x": 706.4000244140625,
  "y": 309.6000061035156,
  "width": 650.4000244140625,
  "height": 500.0
}