{
  "x": 716.7999877929688,
  "y": 341.6000061035156,
  "width": 650.4000244140625,
  "height": 500.0
}