{
  "x": 664.0,
  "y": 293.6000061035156,
  "width": 650.4000244140625,
  "height": 500.0
}