{
  "x": 793.5999755859375,
  "y": 255.1999969482422,
  "width": 500.0,
  "height": 500.0
}