{
  "x": 655.2000122070312,
  "y": 116.0,
  "width": 650.4000244140625,
  "height": 882.4000244140625
}