{
  "x": 800.0,
  "y": 135.1999969482422,
  "width": 650.4000244140625,
  "height": 882.4000244140625
}