{
  "x": 892.0,
  "y": 313.6000061035156,
  "width": 500.0,
  "height": 350.3999938964844
}