{
  "x": 755.2000122070312,
  "y": 353.6000061035156,
  "width": 550.4000244140625,
  "height": 350.3999938964844
}