{
  "x": 179.1999969482422,
  "y": 33.599998474121094,
  "width": 1705.5999755859375,
  "height": 1041.5999755859375
}