{
  "x": 312.79998779296875,
  "y": 45.599998474121094,
  "width": 1572.800048828125,
  "height": 1041.5999755859375
}