{
  "x": 40.79999923706055,
  "y": 42.400001525878906,
  "width": 1572.800048828125,
  "height": 1041.5999755859375
}