{
  "x": 706.4000244140625,
  "y": 339.20001220703125,
  "width": 500.0,
  "height": 500.0
}